Workbook

Sheet Dashboard
A1: EYEWASH STATION TRACKING WORKBOOK
A2: ANSI/ISEA Z358.1 Compliance Dashboard | Update Station Master List before first use
A4: Total Stations | C4: Weekly Checks This Month | E4: Weekly % Complete | G4: Annual Insp. Due/Overdue | I4: Open Deficiencies
A5: =COUNTA('Station Master List'!B7:B506) -> 0 | C5: =COUNTIFS('Weekly Activation Log'!C7:C2006,">="&EOMONTH(TODAY(),-1)+1,'Weekly Activation Log'!C7:C2006,"<="&EOMONTH(TODAY(),0)) -> 0 | E5: =IFERROR(C5/B5,0) -> 0 | G5: =COUNTIFS('Annual Inspection Log'!N7:N506,"Due")+COUNTIFS('Annual Inspection Log'!N7:N506,"Overdue") -> 0 | I5: =COUNTIF('Weekly Activation Log'!G7:G2006,"Fail")+COUNTIF('Annual Inspection Log'!L7:L506,"Fail") -> 0
A8: WEEKLY ACTIVATION COMPLIANCE — TRAILING 6 WEEKS
A9: Metric | B9: Week -5 | C9: Week -4 | D9: Week -3 | E9: Week -2 | F9: Week -1 | G9: Week -0
A10: Stations Checked | B10: =COUNTIFS('Weekly Activation Log'!$C$7:$C$2006,">="&(TODAY()-WEEKDAY(TODAY(),2)+1-7*5),'Weekly Activation Log'!$C$7:$C$2006,"<="&(TODAY()-WEEKDAY(TODAY(),2)+7-7*5)) -> 0 | C10: =COUNTIFS('Weekly Activation Log'!$C$7:$C$2006,">="&(TODAY()-WEEKDAY(TODAY(),2)+1-7*4),'Weekly Activation Log'!$C$7:$C$2006,"<="&(TODAY()-WEEKDAY(TODAY(),2)+7-7*4)) -> 0 | D10: =COUNTIFS('Weekly Activation Log'!$C$7:$C$2006,">="&(TODAY()-WEEKDAY(TODAY(),2)+1-7*3),'Weekly Activation Log'!$C$7:$C$2006,"<="&(TODAY()-WEEKDAY(TODAY(),2)+7-7*3)) -> 0 | E10: =COUNTIFS('Weekly Activation Log'!$C$7:$C$2006,">="&(TODAY()-WEEKDAY(TODAY(),2)+1-7*2),'Weekly Activation Log'!$C$7:$C$2006,"<="&(TODAY()-WEEKDAY(TODAY(),2)+7-7*2)) -> 0 | F10: =COUNTIFS('Weekly Activation Log'!$C$7:$C$2006,">="&(TODAY()-WEEKDAY(TODAY(),2)+1-7*1),'Weekly Activation Log'!$C$7:$C$2006,"<="&(TODAY()-WEEKDAY(TODAY(),2)+7-7*1)) -> 0 | G10: =COUNTIFS('Weekly Activation Log'!$C$7:$C$2006,">="&(TODAY()-WEEKDAY(TODAY(),2)+1-7*0),'Weekly Activation Log'!$C$7:$C$2006,"<="&(TODAY()-WEEKDAY(TODAY(),2)+7-7*0)) -> 0
A11: Failures Logged | B11: =COUNTIFS('Weekly Activation Log'!$C$7:$C$2006,">="&(TODAY()-WEEKDAY(TODAY(),2)+1-7*5),'Weekly Activation Log'!$C$7:$C$2006,"<="&(TODAY()-WEEKDAY(TODAY(),2)+7-7*5),'Weekly Activation Log'!$G$7:$G$2006,"Fail") -> 0 | C11: =COUNTIFS('Weekly Activation Log'!$C$7:$C$2006,">="&(TODAY()-WEEKDAY(TODAY(),2)+1-7*4),'Weekly Activation Log'!$C$7:$C$2006,"<="&(TODAY()-WEEKDAY(TODAY(),2)+7-7*4),'Weekly Activation Log'!$G$7:$G$2006,"Fail") -> 0 | D11: =COUNTIFS('Weekly Activation Log'!$C$7:$C$2006,">="&(TODAY()-WEEKDAY(TODAY(),2)+1-7*3),'Weekly Activation Log'!$C$7:$C$2006,"<="&(TODAY()-WEEKDAY(TODAY(),2)+7-7*3),'Weekly Activation Log'!$G$7:$G$2006,"Fail") -> 0 | E11: =COUNTIFS('Weekly Activation Log'!$C$7:$C$2006,">="&(TODAY()-WEEKDAY(TODAY(),2)+1-7*2),'Weekly Activation Log'!$C$7:$C$2006,"<="&(TODAY()-WEEKDAY(TODAY(),2)+7-7*2),'Weekly Activation Log'!$G$7:$G$2006,"Fail") -> 0 | F11: =COUNTIFS('Weekly Activation Log'!$C$7:$C$2006,">="&(TODAY()-WEEKDAY(TODAY(),2)+1-7*1),'Weekly Activation Log'!$C$7:$C$2006,"<="&(TODAY()-WEEKDAY(TODAY(),2)+7-7*1),'Weekly Activation Log'!$G$7:$G$2006,"Fail") -> 0 | G11: =COUNTIFS('Weekly Activation Log'!$C$7:$C$2006,">="&(TODAY()-WEEKDAY(TODAY(),2)+1-7*0),'Weekly Activation Log'!$C$7:$C$2006,"<="&(TODAY()-WEEKDAY(TODAY(),2)+7-7*0),'Weekly Activation Log'!$G$7:$G$2006,"Fail") -> 0
A13: ANNUAL INSPECTION STATUS
A15: Pass | B15: =COUNTIF('Annual Inspection Log'!$N$7:$N$506,"Pass") -> 0
A16: Fail | B16: =COUNTIF('Annual Inspection Log'!$N$7:$N$506,"Fail") -> 0
A17: Due (within 30 days) | B17: =COUNTIF('Annual Inspection Log'!$N$7:$N$506,"Due (within 30 days)") -> 0
A18: Overdue | B18: =COUNTIF('Annual Inspection Log'!$N$7:$N$506,"Overdue") -> 0
A19: Not Yet Inspected | B19: =COUNTIF('Annual Inspection Log'!$N$7:$N$506,"Not Yet Inspected") -> 0

Sheet Weekly Activation Log
A1: WEEKLY EYEWASH/EMERGENCY SHOWER ACTIVATION LOG
A2: ANSI/ISEA Z358.1 requires plumbed eyewash/shower units be activated weekly to verify flow, flush sediment, and confirm proper operation.
A3: Enter Station ID from Station Master List. Activate for >=3 seconds, check flow/clarity/temp, record result.
A6: Station ID | B6: Inspector Name | C6: Date Checked | D6: Flow/Activation (Pass/Fail) | E6: Water Clarity (Pass/Fail) | F6: Tepid Temp (Pass/Fail) | G6: Overall Result | H6: Deficiency Notes | I6: Corrective Action / Date Resolved
G7: =IF(COUNTBLANK(D7:F7)=3,"",IF(OR(D7="Fail",E7="Fail",F7="Fail"),"Fail",IF(AND(D7="Pass",E7="Pass",F7="Pass"),"Pass","Incomplete")))
G8: =IF(COUNTBLANK(D8:F8)=3,"",IF(OR(D8="Fail",E8="Fail",F8="Fail"),"Fail",IF(AND(D8="Pass",E8="Pass",F8="Pass"),"Pass","Incomplete")))
G9: =IF(COUNTBLANK(D9:F9)=3,"",IF(OR(D9="Fail",E9="Fail",F9="Fail"),"Fail",IF(AND(D9="Pass",E9="Pass",F9="Pass"),"Pass","Incomplete")))
G10: =IF(COUNTBLANK(D10:F10)=3,"",IF(OR(D10="Fail",E10="Fail",F10="Fail"),"Fail",IF(AND(D10="Pass",E10="Pass",F10="Pass"),"Pass","Incomplete")))
G11: =IF(COUNTBLANK(D11:F11)=3,"",IF(OR(D11="Fail",E11="Fail",F11="Fail"),"Fail",IF(AND(D11="Pass",E11="Pass",F11="Pass"),"Pass","Incomplete")))
G12: =IF(COUNTBLANK(D12:F12)=3,"",IF(OR(D12="Fail",E12="Fail",F12="Fail"),"Fail",IF(AND(D12="Pass",E12="Pass",F12="Pass"),"Pass","Incomplete")))
G13: =IF(COUNTBLANK(D13:F13)=3,"",IF(OR(D13="Fail",E13="Fail",F13="Fail"),"Fail",IF(AND(D13="Pass",E13="Pass",F13="Pass"),"Pass","Incomplete")))
G14: =IF(COUNTBLANK(D14:F14)=3,"",IF(OR(D14="Fail",E14="Fail",F14="Fail"),"Fail",IF(AND(D14="Pass",E14="Pass",F14="Pass"),"Pass","Incomplete")))
G15: =IF(COUNTBLANK(D15:F15)=3,"",IF(OR(D15="Fail",E15="Fail",F15="Fail"),"Fail",IF(AND(D15="Pass",E15="Pass",F15="Pass"),"Pass","Incomplete")))
G16: =IF(COUNTBLANK(D16:F16)=3,"",IF(OR(D16="Fail",E16="Fail",F16="Fail"),"Fail",IF(AND(D16="Pass",E16="Pass",F16="Pass"),"Pass","Incomplete")))
G17: =IF(COUNTBLANK(D17:F17)=3,"",IF(OR(D17="Fail",E17="Fail",F17="Fail"),"Fail",IF(AND(D17="Pass",E17="Pass",F17="Pass"),"Pass","Incomplete")))
G18: =IF(COUNTBLANK(D18:F18)=3,"",IF(OR(D18="Fail",E18="Fail",F18="Fail"),"Fail",IF(AND(D18="Pass",E18="Pass",F18="Pass"),"Pass","Incomplete")))
... G2006: =IF(COUNTBLANK(D2006:F2006)=3,"",IF(OR(D2006="Fail",E2006="Fail",F2006="Fail"),"Fail",IF(AND(D2006="Pass",E2006="Pass",F2006="Pass"),"Pass","Incomplete")))

Sheet Annual Inspection Log
A1: ANNUAL EYEWASH/EMERGENCY SHOWER INSPECTION LOG
A2: ANSI/ISEA Z358.1 requires a full annual inspection of each unit beyond the weekly activation check. Record results for each checkpoint below.
A6: Station ID | B6: Inspector Name | C6: Inspection Date | D6: Next Due Date | E6: Flow Pattern Covers Eyes (P/F) | F6: Flush Duration >=15 min Capable (P/F) | G6: Water Temp Tepid 60-100F (P/F) | H6: Valve Activation <=1 sec, Stays Open (P/F) | I6: Hands-Free Operation (P/F) | J6: Unobstructed Access (P/F) | K6: Signage Visible (P/F) | L6: No Corrosion/ Leaks (P/F) | M6: Travel Distance <=10 sec/55ft (P/F) | N6: Overall Result | O6: Status | P6: Deficiency Notes | Q6: Corrective Action | R6: Date Resolved
D7: =IF(C7="","",DATE(YEAR(C7)+1,MONTH(C7),DAY(C7))) | N7: =IF(COUNTBLANK(E7:M7)=9,"",IF(COUNTIF(E7:M7,"Fail")>0,"Fail",IF(COUNTBLANK(E7:M7)>0,"Incomplete","Pass"))) | O7: =IF(N7="","Not Yet Inspected",IF(N7="Fail","Fail",IF(D7="","",IF(D7<TODAY(),"Overdue",IF(D7<=TODAY()+30,"Due (within 30 days)","Pass"))))) -> Not Yet Inspected
D8: =IF(C8="","",DATE(YEAR(C8)+1,MONTH(C8),DAY(C8))) | N8: =IF(COUNTBLANK(E8:M8)=9,"",IF(COUNTIF(E8:M8,"Fail")>0,"Fail",IF(COUNTBLANK(E8:M8)>0,"Incomplete","Pass"))) | O8: =IF(N8="","Not Yet Inspected",IF(N8="Fail","Fail",IF(D8="","",IF(D8<TODAY(),"Overdue",IF(D8<=TODAY()+30,"Due (within 30 days)","Pass"))))) -> Not Yet Inspected
D9: =IF(C9="","",DATE(YEAR(C9)+1,MONTH(C9),DAY(C9))) | N9: =IF(COUNTBLANK(E9:M9)=9,"",IF(COUNTIF(E9:M9,"Fail")>0,"Fail",IF(COUNTBLANK(E9:M9)>0,"Incomplete","Pass"))) | O9: =IF(N9="","Not Yet Inspected",IF(N9="Fail","Fail",IF(D9="","",IF(D9<TODAY(),"Overdue",IF(D9<=TODAY()+30,"Due (within 30 days)","Pass"))))) -> Not Yet Inspected
D10: =IF(C10="","",DATE(YEAR(C10)+1,MONTH(C10),DAY(C10))) | N10: =IF(COUNTBLANK(E10:M10)=9,"",IF(COUNTIF(E10:M10,"Fail")>0,"Fail",IF(COUNTBLANK(E10:M10)>0,"Incomplete","Pass"))) | O10: =IF(N10="","Not Yet Inspected",IF(N10="Fail","Fail",IF(D10="","",IF(D10<TODAY(),"Overdue",IF(D10<=TODAY()+30,"Due (within 30 days)","Pass"))))) -> Not Yet Inspected
D11: =IF(C11="","",DATE(YEAR(C11)+1,MONTH(C11),DAY(C11))) | N11: =IF(COUNTBLANK(E11:M11)=9,"",IF(COUNTIF(E11:M11,"Fail")>0,"Fail",IF(COUNTBLANK(E11:M11)>0,"Incomplete","Pass"))) | O11: =IF(N11="","Not Yet Inspected",IF(N11="Fail","Fail",IF(D11="","",IF(D11<TODAY(),"Overdue",IF(D11<=TODAY()+30,"Due (within 30 days)","Pass"))))) -> Not Yet Inspected
D12: =IF(C12="","",DATE(YEAR(C12)+1,MONTH(C12),DAY(C12))) | N12: =IF(COUNTBLANK(E12:M12)=9,"",IF(COUNTIF(E12:M12,"Fail")>0,"Fail",IF(COUNTBLANK(E12:M12)>0,"Incomplete","Pass"))) | O12: =IF(N12="","Not Yet Inspected",IF(N12="Fail","Fail",IF(D12="","",IF(D12<TODAY(),"Overdue",IF(D12<=TODAY()+30,"Due (within 30 days)","Pass"))))) -> Not Yet Inspected
D13: =IF(C13="","",DATE(YEAR(C13)+1,MONTH(C13),DAY(C13))) | N13: =IF(COUNTBLANK(E13:M13)=9,"",IF(COUNTIF(E13:M13,"Fail")>0,"Fail",IF(COUNTBLANK(E13:M13)>0,"Incomplete","Pass"))) | O13: =IF(N13="","Not Yet Inspected",IF(N13="Fail","Fail",IF(D13="","",IF(D13<TODAY(),"Overdue",IF(D13<=TODAY()+30,"Due (within 30 days)","Pass"))))) -> Not Yet Inspected
D14: =IF(C14="","",DATE(YEAR(C14)+1,MONTH(C14),DAY(C14))) | N14: =IF(COUNTBLANK(E14:M14)=9,"",IF(COUNTIF(E14:M14,"Fail")>0,"Fail",IF(COUNTBLANK(E14:M14)>0,"Incomplete","Pass"))) | O14: =IF(N14="","Not Yet Inspected",IF(N14="Fail","Fail",IF(D14="","",IF(D14<TODAY(),"Overdue",IF(D14<=TODAY()+30,"Due (within 30 days)","Pass"))))) -> Not Yet Inspected
D15: =IF(C15="","",DATE(YEAR(C15)+1,MONTH(C15),DAY(C15))) | N15: =IF(COUNTBLANK(E15:M15)=9,"",IF(COUNTIF(E15:M15,"Fail")>0,"Fail",IF(COUNTBLANK(E15:M15)>0,"Incomplete","Pass"))) | O15: =IF(N15="","Not Yet Inspected",IF(N15="Fail","Fail",IF(D15="","",IF(D15<TODAY(),"Overdue",IF(D15<=TODAY()+30,"Due (within 30 days)","Pass"))))) -> Not Yet Inspected
D16: =IF(C16="","",DATE(YEAR(C16)+1,MONTH(C16),DAY(C16))) | N16: =IF(COUNTBLANK(E16:M16)=9,"",IF(COUNTIF(E16:M16,"Fail")>0,"Fail",IF(COUNTBLANK(E16:M16)>0,"Incomplete","Pass"))) | O16: =IF(N16="","Not Yet Inspected",IF(N16="Fail","Fail",IF(D16="","",IF(D16<TODAY(),"Overdue",IF(D16<=TODAY()+30,"Due (within 30 days)","Pass"))))) -> Not Yet Inspected
D17: =IF(C17="","",DATE(YEAR(C17)+1,MONTH(C17),DAY(C17))) | N17: =IF(COUNTBLANK(E17:M17)=9,"",IF(COUNTIF(E17:M17,"Fail")>0,"Fail",IF(COUNTBLANK(E17:M17)>0,"Incomplete","Pass"))) | O17: =IF(N17="","Not Yet Inspected",IF(N17="Fail","Fail",IF(D17="","",IF(D17<TODAY(),"Overdue",IF(D17<=TODAY()+30,"Due (within 30 days)","Pass"))))) -> Not Yet Inspected
D18: =IF(C18="","",DATE(YEAR(C18)+1,MONTH(C18),DAY(C18))) | N18: =IF(COUNTBLANK(E18:M18)=9,"",IF(COUNTIF(E18:M18,"Fail")>0,"Fail",IF(COUNTBLANK(E18:M18)>0,"Incomplete","Pass"))) | O18: =IF(N18="","Not Yet Inspected",IF(N18="Fail","Fail",IF(D18="","",IF(D18<TODAY(),"Overdue",IF(D18<=TODAY()+30,"Due (within 30 days)","Pass"))))) -> Not Yet Inspected
... D506: =IF(C506="","",DATE(YEAR(C506)+1,MONTH(C506),DAY(C506))) | N506: =IF(COUNTBLANK(E506:M506)=9,"",IF(COUNTIF(E506:M506,"Fail")>0,"Fail",IF(COUNTBLANK(E506:M506)>0,"Incomplete","Pass"))) | O506: =IF(N506="","Not Yet Inspected",IF(N506="Fail","Fail",IF(D506="","",IF(D506<TODAY(),"Overdue",IF(D506<=TODAY()+30,"Due (within 30 days)","Pass"))))) -> Not Yet Inspected

Sheet Station Master List
A1: EYEWASH / EMERGENCY SHOWER STATION MASTER LIST
A2: Maintain one row per station. Station ID values here drive dropdowns on the log tabs.
A6: Station ID | B6: Station Type | C6: Building/Area | D6: Specific Location (Room/Bay) | E6: Manufacturer | F6: Model # | G6: Install Date | H6: Plumbed or Self-Contained | I6: Responsible Department | J6: Status | K6: Notes

Sheet Regulatory Reference
A1: REGULATORY REFERENCE — EYEWASH & EMERGENCY SHOWER STATIONS
A2: Citations provided for reference only. Verify current requirements against the source document.
A4: Standard/Regulation | B4: Citation | C4: Summary | D4: Link/Source
A5: ANSI/ISEA Z358.1 | B5: Z358.1-2014 (current edition referenced; check for updates) | C5: National consensus standard establishing minimum performance/use requirements for emergency eyewash and shower equipment: flow rate and pattern, water temperature (tepid, 60-100F), weekly activation, annual inspection, 10-second/55-foot access, hands-free operation, and signage. | D5: ansi.org / isea.org
A6: OSHA — General Industry | B6: 29 CFR 1910.151(c) | C6: Where the eyes or body of any person may be exposed to corrosive materials, suitable facilities for quick drenching or flushing of the eyes and body shall be provided within the work area for immediate emergency use. OSHA enforces via this general duty provision and references ANSI Z358.1 as the recognized industry consensus standard. | D6: osha.gov
A7: OSHA — Hazard Communication | B7: 29 CFR 1910.1200 | C7: Requires SDS access and hazard communication for chemicals that may necessitate eyewash/shower access; informs which work areas require emergency flushing equipment. | D7: osha.gov
A8: OSHA — Laboratories | B8: 29 CFR 1910.1450, Appendix A | C8: Chemical Hygiene Plan guidance recommending eyewash and shower facilities in laboratories where hazardous chemicals are used. | D8: osha.gov
A9: EPA — RCRA (if applicable) | B9: 40 CFR 264/265 Subpart C | C9: Facilities managing hazardous waste must have adequate emergency equipment, which can include eyewash/shower stations in waste handling areas, depending on facility hazard assessment. | D9: epa.gov
A10: NFPA 45 | B10: Standard on Fire Protection for Laboratories Using Chemicals | C10: Recommends emergency eyewash/shower equipment within laboratory work areas where corrosive chemicals are used. | D10: nfpa.org
A11: State/Local Plumbing Codes | B11: Varies by jurisdiction | C11: Some states/municipalities have plumbing code requirements affecting eyewash station installation (e.g., tepid water supply, drainage). Verify local requirements. | D11: Check state plumbing/building code authority

Sheet Audit Log
A1: WORKBOOK AUDIT LOG
A2: Record changes to this workbook (template updates, structural edits, bulk corrections) for recordkeeping.
A4: Date | B4: Changed By | C4: Section/Tab | D4: Description of Change | E4: Reason | F4: Notes
