Workbook

Sheet Audit Log
A1: ⚠ CHEMICAL STORAGE AREA — HAZCOM SIGNAGE AUDIT | S1: HAZCOM SIGNAGE RECOMMENDATIONS
A3: Environmental Health & Safety — Storage Area Inspection Record | OSHA 29 CFR 1910.1200 / EPA EPCRA
A4: Facility / Site: | C4: Facility Name | G4: Audit Date:
A5: Department / Area: | C5: Department or Work Area | G5: Next Review Date:
A6: Auditor Name: | C6: Auditor Full Name | G6: Regulatory Reference: | I6: 29 CFR 1910.1200 (OSHA HazCom)
A7: Audit #: | C7: e.g. AUD-2025-001 | G7: Conditions / Notes:
A9: Item # | B9: Location / Building | C9: Room / Area | D9: GPS / Grid Ref | E9: Hazard Category | F9: Chemical / Substance | G9: Finding / Observation | H9: Severity | I9: Compliance Status | J9: Regulation Cited | K9: Root Cause | L9: Corrective Action Required | M9: Responsible Party | N9: Due Date | O9: Date Closed | P9: Verified By | Q9: Photo Ref # | R9: Notes / Comments | S9: Signage Required? | T9: Signage Description (Type / Standard Required) | U9: Vendor / Purchase Link (URL) | V9: Item / Part Number
A10: 1
A11: 2
A12: 3
A13: 4
A14: 5
A15: 6
A16: 7
A17: 8
A18: 9
A19: 10
A20: 11
A21: 12
... A59: 50
A61: AUDIT TOTALS (auto-calculated) | H61: Critical | I61: High | J61: Medium | K61: Low | L61: Observation | M61: Non-Compliant | N61: Compliant | O61: Partial | P61: Pending Review | Q61: N/A | R61: Total Items | S61: Sign Needed (Yes) | T61: Sign Needed (Partial) | U61: Needs Purchase Link | V61: Has Part Number
A62: COUNT → | H62: =COUNTIF(H10:H59,"Critical") -> 0 | I62: =COUNTIF(H10:H59,"High") -> 0 | J62: =COUNTIF(H10:H59,"Medium") -> 0 | K62: =COUNTIF(H10:H59,"Low") -> 0 | L62: =COUNTIF(H10:H59,"Observation") -> 0 | M62: =COUNTIF(I10:I59,"Non-Compliant") -> 0 | N62: =COUNTIF(I10:I59,"Compliant") -> 0 | O62: =COUNTIF(I10:I59,"Partial") -> 0 | P62: =COUNTIF(I10:I59,"Pending Review") -> 0 | Q62: =COUNTIF(I10:I59,"N/A") -> 0 | R62: =COUNTA(B10:B59) -> 0 | S62: =COUNTIF(S10:S59,"Yes") -> 0 | T62: =COUNTIF(S10:S59,"Partial") -> 0 | U62: =COUNTA(U10:U59) -> 0 | V62: =COUNTA(V10:V59) -> 0
A64: Auditor Signature: | K64: EHS Manager Review:

Sheet Summary Dashboard
A1: HAZCOM AUDIT — SUMMARY DASHBOARD
A3: Auto-calculated from Audit Log tab — Do not manually edit this sheet
A5: Total Items Inspected | C5: Non-Compliant Findings | E5: Critical Severity | G5: Awaiting Corrective Action | I5: Compliant Locations
A6: ='Audit Log'!R62 -> 0 | C6: =COUNTIF('Audit Log'!I10:I59,"Non-Compliant") -> 0 | E6: =COUNTIF('Audit Log'!H10:H59,"Critical") -> 0 | G6: =SUMPRODUCT(('Audit Log'!I10:I59<>"")*('Audit Log'!I10:I59<>"Compliant")*('Audit Log'!I10:I59<>"N/A")*('Audit Log'!O10:O59="")) -> 0 | I6: =COUNTIF('Audit Log'!I10:I59,"Compliant") -> 0
A8: FINDINGS BY SEVERITY | G8: COMPLIANCE STATUS BREAKDOWN
A9: Severity Level | B9: Count | C9: % of Total | D9: Threshold | E9: Action Timeframe | G9: Status | H9: Count | I9: % of Total | J9: Notes
A10: Critical | B10: =COUNTIF('Audit Log'!H$10:H$59,"Critical") -> 0 | C10: =IF('Audit Log'!R62=0,"—",B10/'Audit Log'!R62) -> — | D10: Imminent danger | E10: Immediate / same day | G10: Non-Compliant | H10: =COUNTIF('Audit Log'!I$10:I$59,"Non-Compliant") -> 0 | I10: =IF('Audit Log'!R62=0,"—",H10/'Audit Log'!R62) -> — | J10: Requires corrective action
A11: High | B11: =COUNTIF('Audit Log'!H$10:H$59,"High") -> 0 | C11: =IF('Audit Log'!R62=0,"—",B11/'Audit Log'!R62) -> — | D11: Significant violation | E11: 24–72 hours | G11: Compliant | H11: =COUNTIF('Audit Log'!I$10:I$59,"Compliant") -> 0 | I11: =IF('Audit Log'!R62=0,"—",H11/'Audit Log'!R62) -> — | J11: No action needed
A12: Medium | B12: =COUNTIF('Audit Log'!H$10:H$59,"Medium") -> 0 | C12: =IF('Audit Log'!R62=0,"—",B12/'Audit Log'!R62) -> — | D12: Moderate non-compliance | E12: 30 days | G12: Partial | H12: =COUNTIF('Audit Log'!I$10:I$59,"Partial") -> 0 | I12: =IF('Audit Log'!R62=0,"—",H12/'Audit Log'!R62) -> — | J12: Follow-up required
A13: Low | B13: =COUNTIF('Audit Log'!H$10:H$59,"Low") -> 0 | C13: =IF('Audit Log'!R62=0,"—",B13/'Audit Log'!R62) -> — | D13: Minor deficiency | E13: 90 days | G13: Pending Review | H13: =COUNTIF('Audit Log'!I$10:I$59,"Pending Review") -> 0 | I13: =IF('Audit Log'!R62=0,"—",H13/'Audit Log'!R62) -> — | J13: Awaiting EHS determination
A14: Observation | B14: =COUNTIF('Audit Log'!H$10:H$59,"Observation") -> 0 | C14: =IF('Audit Log'!R62=0,"—",B14/'Audit Log'!R62) -> — | D14: Improvement opportunity | E14: Next audit cycle | G14: N/A | H14: =COUNTIF('Audit Log'!I$10:I$59,"N/A") -> 0 | I14: =IF('Audit Log'!R62=0,"—",H14/'Audit Log'!R62) -> — | J14: Not applicable to location
A17: Auditor Signature: | G17: EHS Manager / Officer Review:
A18: Date: | G18: Date:

Sheet Instructions & Legend
A1: INSTRUCTIONS & LEGEND — HazCom Storage Area Signage Audit
A3: HOW TO USE THIS TEMPLATE
A4: 1. Fill in the header fields on the 'Audit Log' tab: Facility, Department, Auditor Name, Audit #, and Date.
A5: 2. Walk each chemical storage area. For each location, complete one row in the Audit Log.
A6: 3. Use the dropdown menus in Hazard Category, Severity, Compliance Status, and Root Cause columns.
A7: 4. Assign a Photo Reference number (e.g., P-01) in Column Q, then attach or link photos separately.
A8: 5. The Summary Dashboard tab auto-calculates all totals — no manual entry is required there.
A9: 6. Enter the Due Date and Responsible Party for each non-compliant or partial finding.
A10: 7. When a finding is resolved, enter the Date Closed and Verified By to formally close the item.
A11: 8. This template supports up to 50 inspection items. Add rows if your audit requires more.
A13: SEVERITY DEFINITIONS
A14: CRITICAL | B14: Imminent danger; regulatory violation requiring immediate corrective action. Potential for serious injury, fatality, or major regulatory citation. Stop work if warranted.
A15: HIGH | B15: Significant non-compliance. Likely OSHA or EPA citation if found during inspection. Corrective action required within 24–72 hours.
A16: MEDIUM | B16: Non-compliance with moderate risk. No immediate danger, but corrective action required within 30 days.
A17: LOW | B17: Minor deficiency or best-practice gap. Low risk. Corrective action within 90 days.
A18: OBSERVATION | B18: No immediate non-compliance identified; noted for continuous improvement or future monitoring.
A20: COMPLIANCE STATUS DEFINITIONS
A21: NON-COMPLIANT | B21: Location/item fails to meet 29 CFR 1910.1200 or applicable regulation. Corrective action required.
A22: COMPLIANT | B22: Location/item meets all applicable HazCom requirements. No further action needed.
A23: PARTIAL | B23: Some requirements are met; others are still outstanding. Document what is missing and set a due date.
A24: PENDING REVIEW | B24: Inspection data gathered; compliance determination is pending EHS or management review.
A25: N/A | B25: This requirement does not apply to this location or item type.
A27: COMMON ROOT CAUSES (dropdown options)
A28: Missing signage | B28: No GHS label, SDS posting, or HazCom sign present where required by 1910.1200(f).
A29: Damaged / faded sign | B29: Label or sign present but illegible, torn, faded, or deteriorated to the point of being unreadable.
A30: Wrong sign posted | B30: Incorrect hazard information is displayed for the chemical(s) present in that location.
A31: Blocked / obscured | B31: Signage is physically present but not visible — obstructed by equipment, pallets, stored materials, etc.
A32: No SDS available | B32: Safety Data Sheet is not readily accessible to workers in the area during their shift (1910.1200(g)).
A33: Training gap | B33: Workers in the area have not been trained on HazCom requirements for chemicals present (1910.1200(h)).
A34: Improper storage | B34: Chemicals are stored in a manner inconsistent with their SDS or fire/safety code requirements.
A35: Other | B35: Root cause does not fit the above categories — document specifics in the Notes column.
A37: SIGNAGE COLUMNS — HOW TO USE
A38: Signage Required? (Column S) | B38: Use the dropdown to flag whether signage action is needed at this location: • Yes — A sign is clearly missing, damaged, or incorrect and must be replaced or added. • Partial — Some signage is present but incomplete (e.g., GHS label present but no SDS posting). • No — Signage is adequate; no action needed. • Unknown — Requires further review before a determination can be made.
A39: Signage Description (Column T) | B39: Describe the specific sign or label type that is needed. Be as precise as possible so a manager or purchasing contact can act without having to revisit the location. Examples: • GHS-compliant container label — Flammable Liquid, Category 2 • 'Danger: Corrosive Materials' OSHA-format wall sign • SDS station placard and binder required • 'No Smoking / Open Flame' sign — 10" × 14" minimum
A40: Vendor / Purchase Link (Column U) | B40: Paste the URL to the product page for the recommended sign or label. This column is intentionally left blank in the template — the auditor or manager fills it in based on their preferred supplier. Common sources include: • ComplianceSigns.com, MySafetySign.com, SafetySign.com • OSHA Safety Products (oshacademy.com) • Direct manufacturer sites (Brady, Accuform, NMC) • Internal procurement / approved vendor catalog
A41: Item / Part Number (Column V) | B41: Enter the supplier's item number, SKU, or part number for the sign. This is especially useful when handing off to a manager or purchasing department so they can order the exact item without ambiguity. Leave blank if unknown — the purchase link in Column U is sufficient to get started.

Sheet Regulatory Reference Guide
A1: REGULATORY REFERENCE GUIDE — HazCom Storage Area Signage Audit
A3: Plain-language summaries to help auditors, supervisors, and employees understand the legal basis for HazCom requirements. Verify current regulations at osha.gov / epa.gov.
A4: Regulation / Citation | B4: Issuing Authority | C4: Applies To | D4: Plain-Language Summary | E4: Key HazCom Audit Requirements | F4: Consequence of Non-Compliance
A5: OSHA — HAZARD COMMUNICATION STANDARD
A6: 29 CFR 1910.1200 (Full Standard) | B6: OSHA — U.S. Dept. of Labor | C6: All general industry employers where hazardous chemicals are present | D6: The master Hazard Communication Standard ('HazCom' or 'Right-to-Know'). Revised in 2012 to align with the UN Globally Harmonized System (GHS). Requires employers to classify chemical hazards, maintain a written HazCom program, keep a current chemical inventory, ensure all containers are labeled, provide SDS for every hazardous chemical, and train employees. This is the primary regulation audited against. | E6: • Written HazCom program on file • Chemical inventory current • All containers labeled per GHS • SDS accessible to all employees • Employees trained on hazards • Multi-employer site coordination | F6: OSHA citations up to $16,131 per serious violation; up to $161,323 per willful/repeat violation (amounts adjusted annually for inflation).
A7: 29 CFR 1910.1200(f) Labels and Other Forms of Warning | B7: OSHA | C7: All employers using, storing, or producing hazardous chemicals | D7: Governs how every chemical container must be labeled. Every container — from a 55-gallon drum to a small squeeze bottle — must display: product identifier, signal word (DANGER or WARNING), GHS hazard pictograms, hazard statements, precautionary statements, and supplier contact information. Labels must be legible, in English, and permanently affixed. This is the core requirement inspected during a signage audit. | E7: • Product identifier on every container • Signal word (DANGER or WARNING) • GHS hazard pictograms • Hazard & precautionary statements • Supplier name, address, phone • Labels legible and not defaced | F7: Unlabeled or mislabeled containers are a direct OSHA citation. Workers may mishandle chemicals, leading to burns, fires, explosions, or toxic exposure.
A8: 29 CFR 1910.1200(g) Safety Data Sheets (SDS) | B8: OSHA | C8: Chemical manufacturers, importers, distributors, and employers | D8: Safety Data Sheets (SDS) — the 16-section GHS-format documents describing a chemical's properties, hazards, handling, emergency response, and disposal — must be obtained for every hazardous chemical and kept readily accessible to workers at all times during their shift. Electronic SDS systems are acceptable only if a reliable backup is available. Locked cabinets or systems with restricted access are not compliant. | E8: • SDS for EVERY hazardous chemical on site • Standardized 16-section GHS format • Readily accessible during every work shift • Electronic access acceptable with backup • SDS must be current — update when needed | F8: Missing SDS = direct OSHA violation. Workers and emergency responders cannot safely handle spills or exposures without SDS information.
A9: 29 CFR 1910.1200(h) Employee Information & Training | B9: OSHA | C9: All employers with hazardous chemicals in the workplace | D9: Employees must be trained before working with or near hazardous chemicals and whenever a new chemical hazard is introduced. Training must cover: the HazCom standard itself, the location of the written program and SDS, how to read GHS labels and SDS, and the specific chemical hazards in their work area. Generic training alone is insufficient — training must address the chemicals employees actually encounter. | E9: • Training before first chemical exposure • Refresher when new hazards introduced • Must understand GHS label elements • Must know how to find and read SDS • Work area-specific chemical hazards • Training records documented and retained | F9: Untrained employees are more likely to suffer exposures, fail to use PPE correctly, or respond improperly to spills. OSHA cites both training deficiencies and resulting exposures.
A10: EPA — EMERGENCY PLANNING AND COMMUNITY RIGHT-TO-KNOW (EPCRA / SARA TITLE III)
A11: 40 CFR Part 311 EPA Worker Protection (SARA Title III / EPCRA) | B11: EPA — U.S. Environmental Protection Agency | C11: Employers subject to OSHA standards; facilities storing hazardous chemicals above threshold quantities | D11: EPCRA requires facilities storing hazardous chemicals above threshold quantities to report to state and local emergency planners and fire departments. Connects directly to HazCom — chemicals identified during a signage audit may also trigger EPCRA Tier II reporting. 40 CFR Part 311 aligns OSHA's HazCom definitions with EPA's worker protection programs, creating a unified hazard definition across agencies. | E11: • Annual Tier I / Tier II chemical inventory reports (due March 1) • Extremely Hazardous Substances (EHS) threshold planning quantities • Emergency release notifications (Section 304) • SDS submission to Local Emergency Planning Committees (LEPC) • Facility emergency response plan coordination | F11: EPA civil penalties up to $57,317 per day for Tier II reporting failures. Failure to notify of releases can result in criminal charges and community right-to-know violations.
A12: 40 CFR Part 355 Emergency Planning & Notification | B12: EPA | C12: Facilities with Extremely Hazardous Substances (EHS) above threshold planning quantities | D12: Requires facilities to notify their State Emergency Response Commission (SERC) and Local Emergency Planning Committee (LEPC) if they have Extremely Hazardous Substances on site above threshold planning quantities. Directly tied to chemical inventories identified in HazCom audits — if an EHS chemical is present at or above its TPQ, emergency planning notification is mandatory. | E12: • Notify SERC and LEPC of EHS presence above TPQ • Designate a facility emergency response coordinator • Participate in local emergency planning processes • Provide chemical inventory information to LEPC on request | F12: Failure to notify SERC/LEPC can result in EPA enforcement, civil penalties, and exclusion from emergency response planning that could affect employee safety during incidents.
A13: DOT — HAZARDOUS MATERIALS TRANSPORTATION (context for chemical storage areas)
A14: 49 CFR Parts 100–185 DOT Hazardous Materials Regulations (HMR) | B14: DOT / PHMSA | C14: Anyone who offers, transports, or ships hazardous materials in commerce | D14: When hazardous chemicals leave the facility, they fall under DOT's HMR. DOT requires its own labeling system (diamond-shaped hazmat labels, vehicle placards), proper shipping names, UN identification numbers, shipping papers, and certified packaging. A chemical correctly labeled per OSHA HazCom on the shelf still requires separate DOT labeling when packaged for transport. The two systems use different label formats but cover similar hazard categories. | E14: • Proper shipping name and UN number on shipping papers • DOT hazmat labels on packages (different from GHS labels) • Vehicle placards for bulk transport quantities • Hazmat employee training (49 CFR 172, Subpart H) • Emergency Response Guidebook (ERG) available to drivers • Packaging certified to DOT standards | F14: DOT civil penalties up to $84,425 per day per violation. Criminal penalties for willful violations. Carrier refusal. Liability for transportation incidents.
A17: ⚠ DISCLAIMER: This reference guide is provided for informational and audit-support purposes only. Regulatory citation amounts and requirements are subject to change. Always verify current requirements against official sources: OSHA (osha.gov), EPA (epa.gov), DOT (dot.gov). This document does not constitute legal advice.

Sheet Corrective Action Tracker
A1: CORRECTIVE ACTION TRACKER — HazCom Storage Area Audit
A3: Track open corrective actions from the Audit Log. Cross-reference Item # with the Audit Log tab. Update status as actions are completed.
A4: Item # (from Log) | B4: Location / Building | C4: Finding Summary | D4: Regulation Cited | E4: Severity | F4: Corrective Action Required | G4: Responsible Party | H4: Due Date | I4: Action Status | J4: Date Closed / Verified By
A57: STATUS LEGEND
A58: Open | B58: Finding identified; corrective action has not started.
A59: In Progress | B59: Corrective action has been initiated but is not yet complete.
A60: Completed | B60: Action taken; pending verification by EHS or supervisor.
A61: Verified | B61: Corrective action confirmed effective by EHS or authorized reviewer.
A62: Deferred | B62: Action postponed with documented justification and new due date.
A63: Cancelled | B63: Finding determined not applicable or requirement rescinded.
