Workbook

Sheet Dashboard
A1: HAZMAT STORAGE INSPECTION TRACKER
A2: Annual Quarterly Compliance Workbook | Update location list on each quarter tab before first use
A4: QUARTERLY COMPLIANCE SUMMARY
A5: Quarter | B5: Total Locations | C5: Inspected | D5: Outstanding | E5: % Complete | F5: Pass | G5: Conditional | H5: Fail | I5: Open CARs | J5: Status
A6: ="Q1 "&TEXT(YEAR(TODAY()),"0") -> Q1 2026 | B6: =COUNTA('Q1 Inspections'!B3:B102) -> 1 | C6: =COUNTA('Q1 Inspections'!I3:I102) -> 0 | D6: =B6-C6 -> 1 | E6: =IFERROR(C6/B6,0) -> 0 | F6: =COUNTIF('Q1 Inspections'!X3:X102,"Pass") -> 50 | G6: =COUNTIF('Q1 Inspections'!X3:X102,"Conditional") -> 0 | H6: =COUNTIF('Q1 Inspections'!X3:X102,"Fail") -> 0 | I6: =SUMPRODUCT(('Q1 Inspections'!Y3:Y102<>"")*('Q1 Inspections'!AA3:AA102="")) -> 0 | J6: =IF(B6=0,"No Locations",IF(C6=0,"Not Started",IF(D6=0,"Complete","In Progress"))) -> Not Started
A7: ="Q2 "&TEXT(YEAR(TODAY()),"0") -> Q2 2026 | B7: =COUNTA('Q2 Inspections'!B3:B102) -> 1 | C7: =COUNTA('Q2 Inspections'!I3:I102) -> 0 | D7: =B7-C7 -> 1 | E7: =IFERROR(C7/B7,0) -> 0 | F7: =COUNTIF('Q2 Inspections'!X3:X102,"Pass") -> 50 | G7: =COUNTIF('Q2 Inspections'!X3:X102,"Conditional") -> 0 | H7: =COUNTIF('Q2 Inspections'!X3:X102,"Fail") -> 0 | I7: =SUMPRODUCT(('Q2 Inspections'!Y3:Y102<>"")*('Q2 Inspections'!AA3:AA102="")) -> 0 | J7: =IF(B7=0,"No Locations",IF(C7=0,"Not Started",IF(D7=0,"Complete","In Progress"))) -> Not Started
A8: ="Q3 "&TEXT(YEAR(TODAY()),"0") -> Q3 2026 | B8: =COUNTA('Q3 Inspections'!B3:B102) -> 1 | C8: =COUNTA('Q3 Inspections'!I3:I102) -> 0 | D8: =B8-C8 -> 1 | E8: =IFERROR(C8/B8,0) -> 0 | F8: =COUNTIF('Q3 Inspections'!X3:X102,"Pass") -> 50 | G8: =COUNTIF('Q3 Inspections'!X3:X102,"Conditional") -> 0 | H8: =COUNTIF('Q3 Inspections'!X3:X102,"Fail") -> 0 | I8: =SUMPRODUCT(('Q3 Inspections'!Y3:Y102<>"")*('Q3 Inspections'!AA3:AA102="")) -> 0 | J8: =IF(B8=0,"No Locations",IF(C8=0,"Not Started",IF(D8=0,"Complete","In Progress"))) -> Not Started
A9: ="Q4 "&TEXT(YEAR(TODAY()),"0") -> Q4 2026 | B9: =COUNTA('Q4 Inspections'!B3:B102) -> 1 | C9: =COUNTA('Q4 Inspections'!I3:I102) -> 0 | D9: =B9-C9 -> 1 | E9: =IFERROR(C9/B9,0) -> 0 | F9: =COUNTIF('Q4 Inspections'!X3:X102,"Pass") -> 50 | G9: =COUNTIF('Q4 Inspections'!X3:X102,"Conditional") -> 0 | H9: =COUNTIF('Q4 Inspections'!X3:X102,"Fail") -> 0 | I9: =SUMPRODUCT(('Q4 Inspections'!Y3:Y102<>"")*('Q4 Inspections'!AA3:AA102="")) -> 0 | J9: =IF(B9=0,"No Locations",IF(C9=0,"Not Started",IF(D9=0,"Complete","In Progress"))) -> Not Started
A10: YEAR TOTAL | B10: =SUM(B6:B9) -> 4 | C10: =SUM(C6:C9) -> 0 | D10: =SUM(D6:D9) -> 4 | E10: =IFERROR(C10/B10,0) -> 0 | F10: =SUM(F6:F9) -> 200 | G10: =SUM(G6:G9) -> 0 | H10: =SUM(H6:H9) -> 0 | I10: =SUM(I6:I9) -> 0
A14: CHECKPOINT FAILURE RATES (count of 'N' responses across all quarters)
A15: Checkpoint | B15: Q1 N | C15: Q2 N | D15: Q3 N | E15: Q4 N | F15: YTD Total
A16: Signage in Place | B16: =COUNTIF('Q1 Inspections'!L3:L102,"N") -> 0 | C16: =COUNTIF('Q2 Inspections'!L3:L102,"N") -> 0 | D16: =COUNTIF('Q3 Inspections'!L3:L102,"N") -> 0 | E16: =COUNTIF('Q4 Inspections'!L3:L102,"N") -> 0 | F16: =SUM(B16:E16) -> 0
A17: Containers Labeled (HazCom) | B17: =COUNTIF('Q1 Inspections'!M3:M102,"N") -> 0 | C17: =COUNTIF('Q2 Inspections'!M3:M102,"N") -> 0 | D17: =COUNTIF('Q3 Inspections'!M3:M102,"N") -> 0 | E17: =COUNTIF('Q4 Inspections'!M3:M102,"N") -> 0 | F17: =SUM(B17:E17) -> 0
A18: Containers Intact | B18: =COUNTIF('Q1 Inspections'!N3:N102,"N") -> 0 | C18: =COUNTIF('Q2 Inspections'!N3:N102,"N") -> 0 | D18: =COUNTIF('Q3 Inspections'!N3:N102,"N") -> 0 | E18: =COUNTIF('Q4 Inspections'!N3:N102,"N") -> 0 | F18: =SUM(B18:E18) -> 0
A19: Compatible Storage | B19: =COUNTIF('Q1 Inspections'!O3:O102,"N") -> 0 | C19: =COUNTIF('Q2 Inspections'!O3:O102,"N") -> 0 | D19: =COUNTIF('Q3 Inspections'!O3:O102,"N") -> 0 | E19: =COUNTIF('Q4 Inspections'!O3:O102,"N") -> 0 | F19: =SUM(B19:E19) -> 0
A20: SDS Accessible | B20: =COUNTIF('Q1 Inspections'!P3:P102,"N") -> 0 | C20: =COUNTIF('Q2 Inspections'!P3:P102,"N") -> 0 | D20: =COUNTIF('Q3 Inspections'!P3:P102,"N") -> 0 | E20: =COUNTIF('Q4 Inspections'!P3:P102,"N") -> 0 | F20: =SUM(B20:E20) -> 0
A21: Eyewash Within 10 sec | B21: =COUNTIF('Q1 Inspections'!Q3:Q102,"N") -> 0 | C21: =COUNTIF('Q2 Inspections'!Q3:Q102,"N") -> 0 | D21: =COUNTIF('Q3 Inspections'!Q3:Q102,"N") -> 0 | E21: =COUNTIF('Q4 Inspections'!Q3:Q102,"N") -> 0 | F21: =SUM(B21:E21) -> 0
A22: Spill Kit Complete | B22: =COUNTIF('Q1 Inspections'!R3:R102,"N") -> 0 | C22: =COUNTIF('Q2 Inspections'!R3:R102,"N") -> 0 | D22: =COUNTIF('Q3 Inspections'!R3:R102,"N") -> 0 | E22: =COUNTIF('Q4 Inspections'!R3:R102,"N") -> 0 | F22: =SUM(B22:E22) -> 0
A23: Fire Ext. Current | B23: =COUNTIF('Q1 Inspections'!S3:S102,"N") -> 0 | C23: =COUNTIF('Q2 Inspections'!S3:S102,"N") -> 0 | D23: =COUNTIF('Q3 Inspections'!S3:S102,"N") -> 0 | E23: =COUNTIF('Q4 Inspections'!S3:S102,"N") -> 0 | F23: =SUM(B23:E23) -> 0
A24: PPE Available | B24: =COUNTIF('Q1 Inspections'!T3:T102,"N") -> 0 | C24: =COUNTIF('Q2 Inspections'!T3:T102,"N") -> 0 | D24: =COUNTIF('Q3 Inspections'!T3:T102,"N") -> 0 | E24: =COUNTIF('Q4 Inspections'!T3:T102,"N") -> 0 | F24: =SUM(B24:E24) -> 0
A25: Aisles / Housekeeping | B25: =COUNTIF('Q1 Inspections'!U3:U102,"N") -> 0 | C25: =COUNTIF('Q2 Inspections'!U3:U102,"N") -> 0 | D25: =COUNTIF('Q3 Inspections'!U3:U102,"N") -> 0 | E25: =COUNTIF('Q4 Inspections'!U3:U102,"N") -> 0 | F25: =SUM(B25:E25) -> 0
A26: Quantities Within Limits | B26: =COUNTIF('Q1 Inspections'!V3:V102,"N") -> 0 | C26: =COUNTIF('Q2 Inspections'!V3:V102,"N") -> 0 | D26: =COUNTIF('Q3 Inspections'!V3:V102,"N") -> 0 | E26: =COUNTIF('Q4 Inspections'!V3:V102,"N") -> 0 | F26: =SUM(B26:E26) -> 0
A27: Secondary Containment | B27: =COUNTIF('Q1 Inspections'!W3:W102,"N") -> 0 | C27: =COUNTIF('Q2 Inspections'!W3:W102,"N") -> 0 | D27: =COUNTIF('Q3 Inspections'!W3:W102,"N") -> 0 | E27: =COUNTIF('Q4 Inspections'!W3:W102,"N") -> 0 | F27: =SUM(B27:E27) -> 0
A30: LEGEND & INSTRUCTIONS
A31: • Each quarter tab lists all hazmat storage locations for your facility. Fill in Location, Building, Department, and reference columns before first use.
A32: • Checkpoint cells (Signage in Place through Secondary Containment) use Y / N / N/A dropdowns. 'N' responses are highlighted to flag failures at a glance.
A33: • Overall Status is auto-calculated: Pass = zero N responses; Conditional = 1-2 N responses; Fail = 3+ N responses.
A34: • A Corrective Action Required (CAR) is considered Open when the CAR text is filled in but Date Corrected is blank.
A35: • Inspections Completed counts non-blank entries in the Date Inspected column on each quarter tab.
A36: • See the Reference tab for applicable OSHA, EPA, DOT, RCRA, and NFPA citations.

Sheet Q1 Inspections
A1: Q1 INSPECTIONS — HAZMAT STORAGE INSPECTIONS
A2: # | B2: Location / Area | C2: Building | D2: Department | E2: Materials Present | F2: Key Hazards | G2: Signage Recommended | H2: Responsible Person | I2: Contact (Phone / Email) | J2: Date Inspected | K2: Inspector | L2: Signage in Place | M2: Containers Labeled (HazCom) | N2: Containers Intact | O2: Compatible Storage | P2: SDS Accessible | Q2: Eyewash Within 10 sec | R2: Spill Kit Complete | S2: Fire Ext. Current | T2: PPE Available | U2: Aisles / Housekeeping | V2: Quantities Within Limits | W2: Secondary Containment | X2: Overall Status | Y2: Corrective Action Required | Z2: Target Completion | AA2: Date Corrected | AB2: Notes
A3: 1 | B3: Location Name / Description | C3: Bldg ID | D3: Department / Work Area | E3: Chemical(s) stored here | F3: Flammable / Corrosive / etc. | G3: Required signage text | X3: =IF(COUNTIF(L3:W3,"N")=0,"Pass",IF(COUNTIF(L3:W3,"N")<=2,"Conditional","Fail")) -> Pass
A4: 2 | X4: =IF(COUNTIF(L4:W4,"N")=0,"Pass",IF(COUNTIF(L4:W4,"N")<=2,"Conditional","Fail")) -> Pass
A5: 3 | X5: =IF(COUNTIF(L5:W5,"N")=0,"Pass",IF(COUNTIF(L5:W5,"N")<=2,"Conditional","Fail")) -> Pass
A6: 4 | X6: =IF(COUNTIF(L6:W6,"N")=0,"Pass",IF(COUNTIF(L6:W6,"N")<=2,"Conditional","Fail")) -> Pass
A7: 5 | X7: =IF(COUNTIF(L7:W7,"N")=0,"Pass",IF(COUNTIF(L7:W7,"N")<=2,"Conditional","Fail")) -> Pass
A8: 6 | X8: =IF(COUNTIF(L8:W8,"N")=0,"Pass",IF(COUNTIF(L8:W8,"N")<=2,"Conditional","Fail")) -> Pass
A9: 7 | X9: =IF(COUNTIF(L9:W9,"N")=0,"Pass",IF(COUNTIF(L9:W9,"N")<=2,"Conditional","Fail")) -> Pass
A10: 8 | X10: =IF(COUNTIF(L10:W10,"N")=0,"Pass",IF(COUNTIF(L10:W10,"N")<=2,"Conditional","Fail")) -> Pass
A11: 9 | X11: =IF(COUNTIF(L11:W11,"N")=0,"Pass",IF(COUNTIF(L11:W11,"N")<=2,"Conditional","Fail")) -> Pass
A12: 10 | X12: =IF(COUNTIF(L12:W12,"N")=0,"Pass",IF(COUNTIF(L12:W12,"N")<=2,"Conditional","Fail")) -> Pass
A13: 11 | X13: =IF(COUNTIF(L13:W13,"N")=0,"Pass",IF(COUNTIF(L13:W13,"N")<=2,"Conditional","Fail")) -> Pass
A14: 12 | X14: =IF(COUNTIF(L14:W14,"N")=0,"Pass",IF(COUNTIF(L14:W14,"N")<=2,"Conditional","Fail")) -> Pass
A15: 13 | X15: =IF(COUNTIF(L15:W15,"N")=0,"Pass",IF(COUNTIF(L15:W15,"N")<=2,"Conditional","Fail")) -> Pass
... A52: 50 | X52: =IF(COUNTIF(L52:W52,"N")=0,"Pass",IF(COUNTIF(L52:W52,"N")<=2,"Conditional","Fail")) -> Pass

Sheet Q2 Inspections
A1: Q2 INSPECTIONS — HAZMAT STORAGE INSPECTIONS
A2: # | B2: Location / Area | C2: Building | D2: Department | E2: Materials Present | F2: Key Hazards | G2: Signage Recommended | H2: Responsible Person | I2: Contact (Phone / Email) | J2: Date Inspected | K2: Inspector | L2: Signage in Place | M2: Containers Labeled (HazCom) | N2: Containers Intact | O2: Compatible Storage | P2: SDS Accessible | Q2: Eyewash Within 10 sec | R2: Spill Kit Complete | S2: Fire Ext. Current | T2: PPE Available | U2: Aisles / Housekeeping | V2: Quantities Within Limits | W2: Secondary Containment | X2: Overall Status | Y2: Corrective Action Required | Z2: Target Completion | AA2: Date Corrected | AB2: Notes
A3: 1 | B3: Location Name / Description | C3: Bldg ID | D3: Department / Work Area | E3: Chemical(s) stored here | F3: Flammable / Corrosive / etc. | G3: Required signage text | X3: =IF(COUNTIF(L3:W3,"N")=0,"Pass",IF(COUNTIF(L3:W3,"N")<=2,"Conditional","Fail")) -> Pass
A4: 2 | X4: =IF(COUNTIF(L4:W4,"N")=0,"Pass",IF(COUNTIF(L4:W4,"N")<=2,"Conditional","Fail")) -> Pass
A5: 3 | X5: =IF(COUNTIF(L5:W5,"N")=0,"Pass",IF(COUNTIF(L5:W5,"N")<=2,"Conditional","Fail")) -> Pass
A6: 4 | X6: =IF(COUNTIF(L6:W6,"N")=0,"Pass",IF(COUNTIF(L6:W6,"N")<=2,"Conditional","Fail")) -> Pass
A7: 5 | X7: =IF(COUNTIF(L7:W7,"N")=0,"Pass",IF(COUNTIF(L7:W7,"N")<=2,"Conditional","Fail")) -> Pass
A8: 6 | X8: =IF(COUNTIF(L8:W8,"N")=0,"Pass",IF(COUNTIF(L8:W8,"N")<=2,"Conditional","Fail")) -> Pass
A9: 7 | X9: =IF(COUNTIF(L9:W9,"N")=0,"Pass",IF(COUNTIF(L9:W9,"N")<=2,"Conditional","Fail")) -> Pass
A10: 8 | X10: =IF(COUNTIF(L10:W10,"N")=0,"Pass",IF(COUNTIF(L10:W10,"N")<=2,"Conditional","Fail")) -> Pass
A11: 9 | X11: =IF(COUNTIF(L11:W11,"N")=0,"Pass",IF(COUNTIF(L11:W11,"N")<=2,"Conditional","Fail")) -> Pass
A12: 10 | X12: =IF(COUNTIF(L12:W12,"N")=0,"Pass",IF(COUNTIF(L12:W12,"N")<=2,"Conditional","Fail")) -> Pass
A13: 11 | X13: =IF(COUNTIF(L13:W13,"N")=0,"Pass",IF(COUNTIF(L13:W13,"N")<=2,"Conditional","Fail")) -> Pass
A14: 12 | X14: =IF(COUNTIF(L14:W14,"N")=0,"Pass",IF(COUNTIF(L14:W14,"N")<=2,"Conditional","Fail")) -> Pass
A15: 13 | X15: =IF(COUNTIF(L15:W15,"N")=0,"Pass",IF(COUNTIF(L15:W15,"N")<=2,"Conditional","Fail")) -> Pass
... A52: 50 | X52: =IF(COUNTIF(L52:W52,"N")=0,"Pass",IF(COUNTIF(L52:W52,"N")<=2,"Conditional","Fail")) -> Pass

Sheet Q3 Inspections
A1: Q3 INSPECTIONS — HAZMAT STORAGE INSPECTIONS
A2: # | B2: Location / Area | C2: Building | D2: Department | E2: Materials Present | F2: Key Hazards | G2: Signage Recommended | H2: Responsible Person | I2: Contact (Phone / Email) | J2: Date Inspected | K2: Inspector | L2: Signage in Place | M2: Containers Labeled (HazCom) | N2: Containers Intact | O2: Compatible Storage | P2: SDS Accessible | Q2: Eyewash Within 10 sec | R2: Spill Kit Complete | S2: Fire Ext. Current | T2: PPE Available | U2: Aisles / Housekeeping | V2: Quantities Within Limits | W2: Secondary Containment | X2: Overall Status | Y2: Corrective Action Required | Z2: Target Completion | AA2: Date Corrected | AB2: Notes
A3: 1 | B3: Location Name / Description | C3: Bldg ID | D3: Department / Work Area | E3: Chemical(s) stored here | F3: Flammable / Corrosive / etc. | G3: Required signage text | X3: =IF(COUNTIF(L3:W3,"N")=0,"Pass",IF(COUNTIF(L3:W3,"N")<=2,"Conditional","Fail")) -> Pass
A4: 2 | X4: =IF(COUNTIF(L4:W4,"N")=0,"Pass",IF(COUNTIF(L4:W4,"N")<=2,"Conditional","Fail")) -> Pass
A5: 3 | X5: =IF(COUNTIF(L5:W5,"N")=0,"Pass",IF(COUNTIF(L5:W5,"N")<=2,"Conditional","Fail")) -> Pass
A6: 4 | X6: =IF(COUNTIF(L6:W6,"N")=0,"Pass",IF(COUNTIF(L6:W6,"N")<=2,"Conditional","Fail")) -> Pass
A7: 5 | X7: =IF(COUNTIF(L7:W7,"N")=0,"Pass",IF(COUNTIF(L7:W7,"N")<=2,"Conditional","Fail")) -> Pass
A8: 6 | X8: =IF(COUNTIF(L8:W8,"N")=0,"Pass",IF(COUNTIF(L8:W8,"N")<=2,"Conditional","Fail")) -> Pass
A9: 7 | X9: =IF(COUNTIF(L9:W9,"N")=0,"Pass",IF(COUNTIF(L9:W9,"N")<=2,"Conditional","Fail")) -> Pass
A10: 8 | X10: =IF(COUNTIF(L10:W10,"N")=0,"Pass",IF(COUNTIF(L10:W10,"N")<=2,"Conditional","Fail")) -> Pass
A11: 9 | X11: =IF(COUNTIF(L11:W11,"N")=0,"Pass",IF(COUNTIF(L11:W11,"N")<=2,"Conditional","Fail")) -> Pass
A12: 10 | X12: =IF(COUNTIF(L12:W12,"N")=0,"Pass",IF(COUNTIF(L12:W12,"N")<=2,"Conditional","Fail")) -> Pass
A13: 11 | X13: =IF(COUNTIF(L13:W13,"N")=0,"Pass",IF(COUNTIF(L13:W13,"N")<=2,"Conditional","Fail")) -> Pass
A14: 12 | X14: =IF(COUNTIF(L14:W14,"N")=0,"Pass",IF(COUNTIF(L14:W14,"N")<=2,"Conditional","Fail")) -> Pass
A15: 13 | X15: =IF(COUNTIF(L15:W15,"N")=0,"Pass",IF(COUNTIF(L15:W15,"N")<=2,"Conditional","Fail")) -> Pass
... A52: 50 | X52: =IF(COUNTIF(L52:W52,"N")=0,"Pass",IF(COUNTIF(L52:W52,"N")<=2,"Conditional","Fail")) -> Pass

Sheet Q4 Inspections
A1: Q4 INSPECTIONS — HAZMAT STORAGE INSPECTIONS
A2: # | B2: Location / Area | C2: Building | D2: Department | E2: Materials Present | F2: Key Hazards | G2: Signage Recommended | H2: Responsible Person | I2: Contact (Phone / Email) | J2: Date Inspected | K2: Inspector | L2: Signage in Place | M2: Containers Labeled (HazCom) | N2: Containers Intact | O2: Compatible Storage | P2: SDS Accessible | Q2: Eyewash Within 10 sec | R2: Spill Kit Complete | S2: Fire Ext. Current | T2: PPE Available | U2: Aisles / Housekeeping | V2: Quantities Within Limits | W2: Secondary Containment | X2: Overall Status | Y2: Corrective Action Required | Z2: Target Completion | AA2: Date Corrected | AB2: Notes
A3: 1 | B3: Location Name / Description | C3: Bldg ID | D3: Department / Work Area | E3: Chemical(s) stored here | F3: Flammable / Corrosive / etc. | G3: Required signage text | X3: =IF(COUNTIF(L3:W3,"N")=0,"Pass",IF(COUNTIF(L3:W3,"N")<=2,"Conditional","Fail")) -> Pass
A4: 2 | X4: =IF(COUNTIF(L4:W4,"N")=0,"Pass",IF(COUNTIF(L4:W4,"N")<=2,"Conditional","Fail")) -> Pass
A5: 3 | X5: =IF(COUNTIF(L5:W5,"N")=0,"Pass",IF(COUNTIF(L5:W5,"N")<=2,"Conditional","Fail")) -> Pass
A6: 4 | X6: =IF(COUNTIF(L6:W6,"N")=0,"Pass",IF(COUNTIF(L6:W6,"N")<=2,"Conditional","Fail")) -> Pass
A7: 5 | X7: =IF(COUNTIF(L7:W7,"N")=0,"Pass",IF(COUNTIF(L7:W7,"N")<=2,"Conditional","Fail")) -> Pass
A8: 6 | X8: =IF(COUNTIF(L8:W8,"N")=0,"Pass",IF(COUNTIF(L8:W8,"N")<=2,"Conditional","Fail")) -> Pass
A9: 7 | X9: =IF(COUNTIF(L9:W9,"N")=0,"Pass",IF(COUNTIF(L9:W9,"N")<=2,"Conditional","Fail")) -> Pass
A10: 8 | X10: =IF(COUNTIF(L10:W10,"N")=0,"Pass",IF(COUNTIF(L10:W10,"N")<=2,"Conditional","Fail")) -> Pass
A11: 9 | X11: =IF(COUNTIF(L11:W11,"N")=0,"Pass",IF(COUNTIF(L11:W11,"N")<=2,"Conditional","Fail")) -> Pass
A12: 10 | X12: =IF(COUNTIF(L12:W12,"N")=0,"Pass",IF(COUNTIF(L12:W12,"N")<=2,"Conditional","Fail")) -> Pass
A13: 11 | X13: =IF(COUNTIF(L13:W13,"N")=0,"Pass",IF(COUNTIF(L13:W13,"N")<=2,"Conditional","Fail")) -> Pass
A14: 12 | X14: =IF(COUNTIF(L14:W14,"N")=0,"Pass",IF(COUNTIF(L14:W14,"N")<=2,"Conditional","Fail")) -> Pass
A15: 13 | X15: =IF(COUNTIF(L15:W15,"N")=0,"Pass",IF(COUNTIF(L15:W15,"N")<=2,"Conditional","Fail")) -> Pass
... A52: 50 | X52: =IF(COUNTIF(L52:W52,"N")=0,"Pass",IF(COUNTIF(L52:W52,"N")<=2,"Conditional","Fail")) -> Pass

Sheet Reference
A1: REGULATORY REFERENCE — HAZMAT STORAGE INSPECTIONS
A2: Common OSHA, EPA, DOT, RCRA, and NFPA citations applicable to hazmat storage. Verify current requirements at eCFR.gov and agency websites.
A3: Agency | B3: Citation | C3: Title | D3: Applicability / What It Requires | E3: Relevant To | F3: Source URL
A4: OSHA | B4: 29 CFR 1910.1200 | C4: Hazard Communication Standard (HazCom / GHS) | D4: Written HazCom program; SDS for every hazardous chemical; GHS-compliant container labels; employee training on hazards and protective measures. | E4: All chemical storage locations | F4: https://www.osha.gov/laws-regs/regulations/standardnumber/1910/1910.1200
A5: OSHA | B5: 29 CFR 1910.106 | C5: Flammable Liquids | D5: Storage cabinet quantity limits (≤60 gal Class I/II); approved containers; ventilation; separation from ignition sources; bonding & grounding during transfer. | E5: Flammable liquid storage areas | F5: https://www.osha.gov/laws-regs/regulations/standardnumber/1910/1910.106
A6: OSHA | B6: 29 CFR 1910.101 | C6: Compressed Gases — General Requirements | D6: Cylinders inspected, secured upright, properly stored. References CGA Pamphlet P-1 for safe handling. | E6: Compressed gas / refrigerant storage | F6: https://www.osha.gov/laws-regs/regulations/standardnumber/1910/1910.101
A7: OSHA | B7: 29 CFR 1910.132 | C7: PPE — General Requirements | D7: Employer must assess workplace hazards; provide appropriate PPE; train employees on use, care, and limitations. | E7: All chemical handling areas | F7: https://www.osha.gov/laws-regs/regulations/standardnumber/1910/1910.132
A8: OSHA | B8: 29 CFR 1910.151(c) | C8: Medical Services and First Aid — Eyewash | D8: Where eyes or body may be exposed to injurious corrosive materials, suitable flushing facilities within 10 seconds must be provided. | E8: Corrosive chemical storage (acids, caustics, oxidizers) | F8: https://www.osha.gov/laws-regs/regulations/standardnumber/1910/1910.151
A9: OSHA | B9: 29 CFR 1910.157 | C9: Portable Fire Extinguishers | D9: Class A/B/C extinguishers within specified travel distance; monthly visual inspection; annual maintenance. | E9: All flammable material storage areas | F9: https://www.osha.gov/laws-regs/regulations/standardnumber/1910/1910.157
A10: EPA | B10: 40 CFR 261 | C10: Identification and Listing of Hazardous Waste (RCRA Subtitle C) | D10: Defines hazardous waste by characteristic (ignitability, corrosivity, reactivity, toxicity) and listed waste codes (F/K/P/U). | E10: Hazardous waste storage area | F10: https://www.ecfr.gov/current/title-40/chapter-I/subchapter-I/part-261
A11: EPA | B11: 40 CFR 262 | C11: Standards for Generators of Hazardous Waste | D11: Generator categories (VSQG <100 kg/mo; SQG 100-1,000 kg/mo; LQG >1,000 kg/mo); manifest requirements; accumulation time limits. | E11: Hazardous waste storage / disposal | F11: https://www.ecfr.gov/current/title-40/chapter-I/subchapter-I/part-262
A12: EPA | B12: 40 CFR 82 Subpart F | C12: Section 608 Refrigerant Management | D12: Servicing / disposal of equipment using ozone-depleting and HFC refrigerants; certified technicians; recovery; leak repair; recordkeeping. | E12: Refrigerant storage / HVAC servicing | F12: https://www.epa.gov/section608
A13: EPA | B13: 40 CFR 156 (FIFRA) | C13: Pesticide Labeling Requirements | D13: Labels must remain legible; signal words; restricted-use vs. general-use; re-entry intervals; required PPE. | E13: Pesticide / herbicide storage areas | F13: https://www.ecfr.gov/current/title-40/chapter-I/subchapter-E/part-156
A14: DOT | B14: 49 CFR 172 | C14: Hazmat Tables, Communications, Emergency Response, Training | D14: Shipping papers; package marking and labeling; vehicle placarding; emergency response info; hazmat employee training every 3 years. | E14: Hazardous waste shipments off-site | F14: https://www.ecfr.gov/current/title-49/subtitle-B/chapter-I/subchapter-C/part-172
... A19: NFPA | B19: NFPA 55 | C19: Compressed Gases and Cryogenic Fluids Code | D19: Storage of compressed gas cylinders; quantity thresholds; separation distances; ventilation requirements. | E19: Compressed gas / refrigerant cylinder storage | F19: https://www.nfpa.org/codes-and-standards/all-codes-and-standards/list-of-codes-and-standards/detail?code=55
A22: IMPORTANT NOTES
A23: • Generator Status: Verify your facility's monthly hazardous waste generation volume to confirm VSQG / SQG / LQG category. SQG and LQG have stricter storage, inspection, and contingency plan requirements.
A24: • SDS Retention: Per OSHA HazCom, maintain SDS for every chemical currently or recently in use. Retain records of discontinued chemicals for 30 years per 29 CFR 1910.1020 (employee exposure records).
A25: • Eyewash Stations: Per ANSI Z358.1 (referenced by OSHA), must deliver tepid water (60–100°F) for 15 continuous minutes. Test weekly; perform a full inspection annually.
A26: • Incompatible Chemical Separation: Oxidizers and acids must be stored separately with physical barriers. Accidental mixing can produce toxic gases (e.g., chlorine). Governed by NFPA 400.
A27: • Aerosol Storage: NFPA 30B requires 'No Smoking / No Open Flame' signage in any area storing flammable aerosols. High quantities may trigger sprinkler system design requirements.
A28: • Training Records: HazCom training required at hire and whenever a new chemical hazard is introduced. DOT hazmat employee training required every 3 years for anyone involved in shipping hazardous waste.
A29: • Regulatory Currency: This reference reflects common requirements as of 2025. Always verify current regulations at eCFR.gov and the applicable agency website before making formal compliance determinations.

Sheet Location List
A1: MASTER LOCATION LIST — Update this sheet first; then copy rows to each quarter tab
A2: Add or remove rows below to match your facility's hazmat storage locations. Paste columns B-G into each quarter inspection tab before the inspection cycle begins.
A3: # | B3: Location / Area | C3: Building | D3: Department | E3: Materials Present | F3: Key Hazards | G3: Signage Recommended
A4: 1 | B4: Area Name / Description | C4: Bldg ID | D4: Dept / Work Area | E4: Chemicals stored (generic names, quantities) | F4: Flammable / Corrosive / Oxidizer / etc. | G4: Signage text recommended for this area
A5: 2
A6: 3
A7: 4
A8: 5
A9: 6
A10: 7
A11: 8
A12: 9
A13: 10
A14: 11
A15: 12
A16: 13
... A23: 20
