Workbook

Sheet Risk Register
A1: RISK ASSESSMENT REGISTER
A2: Log each hazard/risk below. Enter Likelihood and Severity (1-5) using the dropdowns; Risk Score and Risk Level calculate automatically. See the Definitions tab for rating criteria and the Risk Matrix tab for the live heat map.
A3: Risk ID | B3: Date Identified | C3: Department / Area | D3: Hazard / Risk Description | E3: Likelihood (1-5) | F3: Severity (1-5) | G3: Risk Score | H3: Risk Level | I3: Existing Controls | J3: Additional Controls Needed | K3: Risk Owner | L3: Target Completion Date | M3: Status | N3: Date Last Reviewed | O3: Notes | Q3: Low X | R3: Low Y | S3: Medium X | T3: Medium Y | U3: High X | V3: High Y | W3: Critical X | X3: Critical Y
A4: ="R-"&TEXT(ROW()-3,"000") -> R-001 | B4: EXAMPLE | C4: Warehouse | D4: Forklift travel paths cross pedestrian walkway | E4: 3 | F4: 4 | G4: =E4*F4 -> 12 | H4: =IF(G4="","",IF(G4<=4,"Low",IF(G4<=9,"Medium",IF(G4<=15,"High","Critical")))) -> High | I4: Painted floor lines; convex mirrors at blind corners | J4: Install physical barrier or pedestrian gate | K4: Warehouse Supervisor | M4: Open | Q4: =IF($H4="Low",$E4,"") | R4: =IF($H4="Low",$F4,"") | S4: =IF($H4="Medium",$E4,"") | T4: =IF($H4="Medium",$F4,"") | U4: =IF($H4="High",$E4,"") -> 3 | V4: =IF($H4="High",$F4,"") -> 4 | W4: =IF($H4="Critical",$E4,"") | X4: =IF($H4="Critical",$F4,"")
A5: ="R-"&TEXT(ROW()-3,"000") -> R-002 | B5: EXAMPLE | C5: Maintenance Shop | D5: Compressed gas cylinders stored without secure restraint | E5: 2 | F5: 3 | G5: =E5*F5 -> 6 | H5: =IF(G5="","",IF(G5<=4,"Low",IF(G5<=9,"Medium",IF(G5<=15,"High","Critical")))) -> Medium | I5: Cylinders capped when not in use | J5: Install wall-mounted cylinder racks with chains | K5: EHS Coordinator | M5: In Progress | Q5: =IF($H5="Low",$E5,"") | R5: =IF($H5="Low",$F5,"") | S5: =IF($H5="Medium",$E5,"") -> 2 | T5: =IF($H5="Medium",$F5,"") -> 3 | U5: =IF($H5="High",$E5,"") | V5: =IF($H5="High",$F5,"") | W5: =IF($H5="Critical",$E5,"") | X5: =IF($H5="Critical",$F5,"")
A6: ="R-"&TEXT(ROW()-3,"000") -> R-003 | B6: EXAMPLE | C6: Lab | D6: Incompatible chemicals stored on same shelf | E6: 2 | F6: 5 | G6: =E6*F6 -> 10 | H6: =IF(G6="","",IF(G6<=4,"Low",IF(G6<=9,"Medium",IF(G6<=15,"High","Critical")))) -> High | I6: SDS on file for all chemicals | J6: Segregate per compatibility chart; add secondary containment | K6: Lab Manager | M6: Open | Q6: =IF($H6="Low",$E6,"") | R6: =IF($H6="Low",$F6,"") | S6: =IF($H6="Medium",$E6,"") | T6: =IF($H6="Medium",$F6,"") | U6: =IF($H6="High",$E6,"") -> 2 | V6: =IF($H6="High",$F6,"") -> 5 | W6: =IF($H6="Critical",$E6,"") | X6: =IF($H6="Critical",$F6,"")
A7: ="R-"&TEXT(ROW()-3,"000") -> R-004 | G7: =IF(OR(E7="",F7=""),"",E7*F7) | H7: =IF(G7="","",IF(G7<=4,"Low",IF(G7<=9,"Medium",IF(G7<=15,"High","Critical")))) | Q7: =IF($H7="Low",$E7,"") | R7: =IF($H7="Low",$F7,"") | S7: =IF($H7="Medium",$E7,"") | T7: =IF($H7="Medium",$F7,"") | U7: =IF($H7="High",$E7,"") | V7: =IF($H7="High",$F7,"") | W7: =IF($H7="Critical",$E7,"") | X7: =IF($H7="Critical",$F7,"")
A8: ="R-"&TEXT(ROW()-3,"000") -> R-005 | G8: =IF(OR(E8="",F8=""),"",E8*F8) | H8: =IF(G8="","",IF(G8<=4,"Low",IF(G8<=9,"Medium",IF(G8<=15,"High","Critical")))) | Q8: =IF($H8="Low",$E8,"") | R8: =IF($H8="Low",$F8,"") | S8: =IF($H8="Medium",$E8,"") | T8: =IF($H8="Medium",$F8,"") | U8: =IF($H8="High",$E8,"") | V8: =IF($H8="High",$F8,"") | W8: =IF($H8="Critical",$E8,"") | X8: =IF($H8="Critical",$F8,"")
A9: ="R-"&TEXT(ROW()-3,"000") -> R-006 | G9: =IF(OR(E9="",F9=""),"",E9*F9) | H9: =IF(G9="","",IF(G9<=4,"Low",IF(G9<=9,"Medium",IF(G9<=15,"High","Critical")))) | Q9: =IF($H9="Low",$E9,"") | R9: =IF($H9="Low",$F9,"") | S9: =IF($H9="Medium",$E9,"") | T9: =IF($H9="Medium",$F9,"") | U9: =IF($H9="High",$E9,"") | V9: =IF($H9="High",$F9,"") | W9: =IF($H9="Critical",$E9,"") | X9: =IF($H9="Critical",$F9,"")
A10: ="R-"&TEXT(ROW()-3,"000") -> R-007 | G10: =IF(OR(E10="",F10=""),"",E10*F10) | H10: =IF(G10="","",IF(G10<=4,"Low",IF(G10<=9,"Medium",IF(G10<=15,"High","Critical")))) | Q10: =IF($H10="Low",$E10,"") | R10: =IF($H10="Low",$F10,"") | S10: =IF($H10="Medium",$E10,"") | T10: =IF($H10="Medium",$F10,"") | U10: =IF($H10="High",$E10,"") | V10: =IF($H10="High",$F10,"") | W10: =IF($H10="Critical",$E10,"") | X10: =IF($H10="Critical",$F10,"")
A11: ="R-"&TEXT(ROW()-3,"000") -> R-008 | G11: =IF(OR(E11="",F11=""),"",E11*F11) | H11: =IF(G11="","",IF(G11<=4,"Low",IF(G11<=9,"Medium",IF(G11<=15,"High","Critical")))) | Q11: =IF($H11="Low",$E11,"") | R11: =IF($H11="Low",$F11,"") | S11: =IF($H11="Medium",$E11,"") | T11: =IF($H11="Medium",$F11,"") | U11: =IF($H11="High",$E11,"") | V11: =IF($H11="High",$F11,"") | W11: =IF($H11="Critical",$E11,"") | X11: =IF($H11="Critical",$F11,"")
A12: ="R-"&TEXT(ROW()-3,"000") -> R-009 | G12: =IF(OR(E12="",F12=""),"",E12*F12) | H12: =IF(G12="","",IF(G12<=4,"Low",IF(G12<=9,"Medium",IF(G12<=15,"High","Critical")))) | Q12: =IF($H12="Low",$E12,"") | R12: =IF($H12="Low",$F12,"") | S12: =IF($H12="Medium",$E12,"") | T12: =IF($H12="Medium",$F12,"") | U12: =IF($H12="High",$E12,"") | V12: =IF($H12="High",$F12,"") | W12: =IF($H12="Critical",$E12,"") | X12: =IF($H12="Critical",$F12,"")
A13: ="R-"&TEXT(ROW()-3,"000") -> R-010 | G13: =IF(OR(E13="",F13=""),"",E13*F13) | H13: =IF(G13="","",IF(G13<=4,"Low",IF(G13<=9,"Medium",IF(G13<=15,"High","Critical")))) | Q13: =IF($H13="Low",$E13,"") | R13: =IF($H13="Low",$F13,"") | S13: =IF($H13="Medium",$E13,"") | T13: =IF($H13="Medium",$F13,"") | U13: =IF($H13="High",$E13,"") | V13: =IF($H13="High",$F13,"") | W13: =IF($H13="Critical",$E13,"") | X13: =IF($H13="Critical",$F13,"")
A14: ="R-"&TEXT(ROW()-3,"000") -> R-011 | G14: =IF(OR(E14="",F14=""),"",E14*F14) | H14: =IF(G14="","",IF(G14<=4,"Low",IF(G14<=9,"Medium",IF(G14<=15,"High","Critical")))) | Q14: =IF($H14="Low",$E14,"") | R14: =IF($H14="Low",$F14,"") | S14: =IF($H14="Medium",$E14,"") | T14: =IF($H14="Medium",$F14,"") | U14: =IF($H14="High",$E14,"") | V14: =IF($H14="High",$F14,"") | W14: =IF($H14="Critical",$E14,"") | X14: =IF($H14="Critical",$F14,"")
A15: ="R-"&TEXT(ROW()-3,"000") -> R-012 | G15: =IF(OR(E15="",F15=""),"",E15*F15) | H15: =IF(G15="","",IF(G15<=4,"Low",IF(G15<=9,"Medium",IF(G15<=15,"High","Critical")))) | Q15: =IF($H15="Low",$E15,"") | R15: =IF($H15="Low",$F15,"") | S15: =IF($H15="Medium",$E15,"") | T15: =IF($H15="Medium",$F15,"") | U15: =IF($H15="High",$E15,"") | V15: =IF($H15="High",$F15,"") | W15: =IF($H15="Critical",$E15,"") | X15: =IF($H15="Critical",$F15,"")
A16: ="R-"&TEXT(ROW()-3,"000") -> R-013 | G16: =IF(OR(E16="",F16=""),"",E16*F16) | H16: =IF(G16="","",IF(G16<=4,"Low",IF(G16<=9,"Medium",IF(G16<=15,"High","Critical")))) | Q16: =IF($H16="Low",$E16,"") | R16: =IF($H16="Low",$F16,"") | S16: =IF($H16="Medium",$E16,"") | T16: =IF($H16="Medium",$F16,"") | U16: =IF($H16="High",$E16,"") | V16: =IF($H16="High",$F16,"") | W16: =IF($H16="Critical",$E16,"") | X16: =IF($H16="Critical",$F16,"")
A17: ="R-"&TEXT(ROW()-3,"000") -> R-014 | G17: =IF(OR(E17="",F17=""),"",E17*F17) | H17: =IF(G17="","",IF(G17<=4,"Low",IF(G17<=9,"Medium",IF(G17<=15,"High","Critical")))) | Q17: =IF($H17="Low",$E17,"") | R17: =IF($H17="Low",$F17,"") | S17: =IF($H17="Medium",$E17,"") | T17: =IF($H17="Medium",$F17,"") | U17: =IF($H17="High",$E17,"") | V17: =IF($H17="High",$F17,"") | W17: =IF($H17="Critical",$E17,"") | X17: =IF($H17="Critical",$F17,"")
A18: ="R-"&TEXT(ROW()-3,"000") -> R-015 | G18: =IF(OR(E18="",F18=""),"",E18*F18) | H18: =IF(G18="","",IF(G18<=4,"Low",IF(G18<=9,"Medium",IF(G18<=15,"High","Critical")))) | Q18: =IF($H18="Low",$E18,"") | R18: =IF($H18="Low",$F18,"") | S18: =IF($H18="Medium",$E18,"") | T18: =IF($H18="Medium",$F18,"") | U18: =IF($H18="High",$E18,"") | V18: =IF($H18="High",$F18,"") | W18: =IF($H18="Critical",$E18,"") | X18: =IF($H18="Critical",$F18,"")
... A53: ="R-"&TEXT(ROW()-3,"000") -> R-050 | G53: =IF(OR(E53="",F53=""),"",E53*F53) | H53: =IF(G53="","",IF(G53<=4,"Low",IF(G53<=9,"Medium",IF(G53<=15,"High","Critical")))) | Q53: =IF($H53="Low",$E53,"") | R53: =IF($H53="Low",$F53,"") | S53: =IF($H53="Medium",$E53,"") | T53: =IF($H53="Medium",$F53,"") | U53: =IF($H53="High",$E53,"") | V53: =IF($H53="High",$F53,"") | W53: =IF($H53="Critical",$E53,"") | X53: =IF($H53="Critical",$F53,"")

Sheet Risk Matrix
A1: RISK MATRIX - LIVE HEAT MAP
A2: Each cell shows the count of risks currently logged in the Risk Register at that Likelihood / Severity combination. Counts update automatically as you edit the register.
C4: LIKELIHOOD
C5: 1 | D5: 2 | E5: 3 | F5: 4 | G5: 5
A6: SEVERITY | B6: 5 | C6: {=IFERROR(_xlfn.TEXTJOIN(", ",TRUE(),IF(('Risk Register'!$E$4:$E$53=1)*('Risk Register'!$F$4:$F$53=5),'Risk Register'!$A$4:$A$53,"")),"")} | D6: {=IFERROR(_xlfn.TEXTJOIN(", ",TRUE(),IF(('Risk Register'!$E$4:$E$53=2)*('Risk Register'!$F$4:$F$53=5),'Risk Register'!$A$4:$A$53,"")),"")} -> R-003 | E6: {=IFERROR(_xlfn.TEXTJOIN(", ",TRUE(),IF(('Risk Register'!$E$4:$E$53=3)*('Risk Register'!$F$4:$F$53=5),'Risk Register'!$A$4:$A$53,"")),"")} | F6: {=IFERROR(_xlfn.TEXTJOIN(", ",TRUE(),IF(('Risk Register'!$E$4:$E$53=4)*('Risk Register'!$F$4:$F$53=5),'Risk Register'!$A$4:$A$53,"")),"")} | G6: {=IFERROR(_xlfn.TEXTJOIN(", ",TRUE(),IF(('Risk Register'!$E$4:$E$53=5)*('Risk Register'!$F$4:$F$53=5),'Risk Register'!$A$4:$A$53,"")),"")}
B7: 4 | C7: {=IFERROR(_xlfn.TEXTJOIN(", ",TRUE(),IF(('Risk Register'!$E$4:$E$53=1)*('Risk Register'!$F$4:$F$53=4),'Risk Register'!$A$4:$A$53,"")),"")} | D7: {=IFERROR(_xlfn.TEXTJOIN(", ",TRUE(),IF(('Risk Register'!$E$4:$E$53=2)*('Risk Register'!$F$4:$F$53=4),'Risk Register'!$A$4:$A$53,"")),"")} | E7: {=IFERROR(_xlfn.TEXTJOIN(", ",TRUE(),IF(('Risk Register'!$E$4:$E$53=3)*('Risk Register'!$F$4:$F$53=4),'Risk Register'!$A$4:$A$53,"")),"")} -> R-001 | F7: {=IFERROR(_xlfn.TEXTJOIN(", ",TRUE(),IF(('Risk Register'!$E$4:$E$53=4)*('Risk Register'!$F$4:$F$53=4),'Risk Register'!$A$4:$A$53,"")),"")} | G7: {=IFERROR(_xlfn.TEXTJOIN(", ",TRUE(),IF(('Risk Register'!$E$4:$E$53=5)*('Risk Register'!$F$4:$F$53=4),'Risk Register'!$A$4:$A$53,"")),"")}
B8: 3 | C8: {=IFERROR(_xlfn.TEXTJOIN(", ",TRUE(),IF(('Risk Register'!$E$4:$E$53=1)*('Risk Register'!$F$4:$F$53=3),'Risk Register'!$A$4:$A$53,"")),"")} | D8: {=IFERROR(_xlfn.TEXTJOIN(", ",TRUE(),IF(('Risk Register'!$E$4:$E$53=2)*('Risk Register'!$F$4:$F$53=3),'Risk Register'!$A$4:$A$53,"")),"")} -> R-002 | E8: {=IFERROR(_xlfn.TEXTJOIN(", ",TRUE(),IF(('Risk Register'!$E$4:$E$53=3)*('Risk Register'!$F$4:$F$53=3),'Risk Register'!$A$4:$A$53,"")),"")} | F8: {=IFERROR(_xlfn.TEXTJOIN(", ",TRUE(),IF(('Risk Register'!$E$4:$E$53=4)*('Risk Register'!$F$4:$F$53=3),'Risk Register'!$A$4:$A$53,"")),"")} | G8: {=IFERROR(_xlfn.TEXTJOIN(", ",TRUE(),IF(('Risk Register'!$E$4:$E$53=5)*('Risk Register'!$F$4:$F$53=3),'Risk Register'!$A$4:$A$53,"")),"")}
B9: 2 | C9: {=IFERROR(_xlfn.TEXTJOIN(", ",TRUE(),IF(('Risk Register'!$E$4:$E$53=1)*('Risk Register'!$F$4:$F$53=2),'Risk Register'!$A$4:$A$53,"")),"")} | D9: {=IFERROR(_xlfn.TEXTJOIN(", ",TRUE(),IF(('Risk Register'!$E$4:$E$53=2)*('Risk Register'!$F$4:$F$53=2),'Risk Register'!$A$4:$A$53,"")),"")} | E9: {=IFERROR(_xlfn.TEXTJOIN(", ",TRUE(),IF(('Risk Register'!$E$4:$E$53=3)*('Risk Register'!$F$4:$F$53=2),'Risk Register'!$A$4:$A$53,"")),"")} | F9: {=IFERROR(_xlfn.TEXTJOIN(", ",TRUE(),IF(('Risk Register'!$E$4:$E$53=4)*('Risk Register'!$F$4:$F$53=2),'Risk Register'!$A$4:$A$53,"")),"")} | G9: {=IFERROR(_xlfn.TEXTJOIN(", ",TRUE(),IF(('Risk Register'!$E$4:$E$53=5)*('Risk Register'!$F$4:$F$53=2),'Risk Register'!$A$4:$A$53,"")),"")}
B10: 1 | C10: {=IFERROR(_xlfn.TEXTJOIN(", ",TRUE(),IF(('Risk Register'!$E$4:$E$53=1)*('Risk Register'!$F$4:$F$53=1),'Risk Register'!$A$4:$A$53,"")),"")} | D10: {=IFERROR(_xlfn.TEXTJOIN(", ",TRUE(),IF(('Risk Register'!$E$4:$E$53=2)*('Risk Register'!$F$4:$F$53=1),'Risk Register'!$A$4:$A$53,"")),"")} | E10: {=IFERROR(_xlfn.TEXTJOIN(", ",TRUE(),IF(('Risk Register'!$E$4:$E$53=3)*('Risk Register'!$F$4:$F$53=1),'Risk Register'!$A$4:$A$53,"")),"")} | F10: {=IFERROR(_xlfn.TEXTJOIN(", ",TRUE(),IF(('Risk Register'!$E$4:$E$53=4)*('Risk Register'!$F$4:$F$53=1),'Risk Register'!$A$4:$A$53,"")),"")} | G10: {=IFERROR(_xlfn.TEXTJOIN(", ",TRUE(),IF(('Risk Register'!$E$4:$E$53=5)*('Risk Register'!$F$4:$F$53=1),'Risk Register'!$A$4:$A$53,"")),"")}
C11: 1 = Rare / Negligible 5 = Almost Certain / Catastrophic - see Definitions tab
A13: LEGEND
A14: Level | B14: Score Range | C14: Suggested Response
A15: Low | B15: 1-4 | C15: Acceptable with routine monitoring; no immediate action required.
A16: Medium | B16: 5-9 | C16: Address with planned corrective action; reassess on a routine schedule.
A17: High | B17: 10-15 | C17: Prioritize corrective action; assign an owner and target date promptly.
A18: Critical | B18: 16-25 | C18: Stop the activity or implement immediate interim controls; escalate to leadership.

Sheet Definitions
A1: RATING DEFINITIONS
A2: Use these criteria consistently when rating Likelihood and Severity in the Risk Register. Adjust wording to fit your operation, but keep the 1-5 scale intact so the matrix and formulas continue to work.
A4: LIKELIHOOD - how often could this occur?
A5: Rating | B5: Term | C5: Description
A6: 1 | B6: Rare | C6: Conceivable but not expected to occur during the life of the operation; no known history of occurrence.
A7: 2 | B7: Unlikely | C7: Could occur at some point; has happened rarely in similar operations.
A8: 3 | B8: Possible | C8: Might occur occasionally; has happened before in this operation or similar ones.
A9: 4 | B9: Likely | C9: Will probably occur in most circumstances; has happened more than once here.
A10: 5 | B10: Almost Certain | C10: Expected to occur in most circumstances; happens regularly or is ongoing.
A12: SEVERITY - how bad could the outcome be?
A13: Rating | B13: Term | C13: Description
A14: 1 | B14: Negligible | C14: No injury or first-aid only; no environmental release; minimal or no cost impact.
A15: 2 | B15: Minor | C15: Minor injury with no lost time; small reportable spill fully contained on site; low cost impact.
A16: 3 | B16: Moderate | C16: Injury requiring medical treatment or lost work time; reportable release requiring agency notification; moderate cost impact.
A17: 4 | B17: Major | C17: Serious injury, hospitalization, or permanent impairment; significant environmental release; major regulatory citation or cost impact.
A18: 5 | B18: Catastrophic | C18: Fatality or multiple serious injuries; major environmental damage; facility shutdown, criminal liability, or severe financial impact.
A20: RISK LEVEL BANDS (Risk Score = Likelihood x Severity)
A21: Level | B21: Score Range | C21: Meaning
A22: Low | B22: 1-4 | C22: Acceptable; manage with routine procedures.
A23: Medium | B23: 5-9 | C23: Tolerable; plan and schedule corrective action.
A24: High | B24: 10-15 | C24: Significant; prioritize corrective action and assign an owner.
A25: Critical | B25: 16-25 | C25: Unacceptable; take immediate interim action and escalate.

Sheet Regulatory Reference
A1: REGULATORY REFERENCE
A2: This tool supports, but does not replace, a documented risk/hazard assessment program. Verify current requirements with the citing agency or standards body.
A3: Standard | B3: Citation | C3: Relevance to Risk Assessment
A4: OSH Act - General Duty Clause | B4: Sec. 5(a)(1) | C4: Requires employers to furnish a workplace free from recognized hazards; documented risk ranking supports demonstrating hazard recognition and reasonable abatement priority.
A5: OSHA - PPE Hazard Assessment | B5: 29 CFR 1910.132(d) | C5: Requires employers to assess the workplace for hazards and certify the assessment; a risk register documents this evaluation.
A6: OSHA - Process Safety Management | B6: 29 CFR 1910.119 | C6: Requires a process hazard analysis that includes a risk-ranking methodology for covered processes.
A7: OSHA - HazCom | B7: 29 CFR 1910.1200 | C7: SDS and label hazard information feed the Severity rating for chemical-related risks.
A8: ANSI/ASSP Z690.3 | B8: Z690.3-2011 (R2021) | C8: National guidance on selecting and applying risk assessment techniques, including risk matrices.
A9: ANSI/ASSP Z10 | B9: Z10-2019 | C9: Occupational health and safety management systems standard requiring a documented hazard identification and risk assessment process.
A10: ISO 31000 | B10: ISO 31000:2018 | C10: International risk management guidelines referenced for risk evaluation criteria and treatment prioritization.
